director_name,actor_1_name,actor_2_name,actor_3_name,genres,movie_title
Adam Robitel,Lin Shaye,Angus Sampson,Leigh Whannell,Horror Mystery Thriller,insidious: the last key
Lauren Wolkstein,Alex Pettyfer,James Freedson-Jackson,Emily Althaus,Thriller Drama,the strange ones
Simon West,Dominic Cooper,Austin Stowell,Gemma Chan,Action Thriller,stratton
Warwick Thornton,Bryan Brown,Sam Neill,unknown,Drama History Western,sweet country
Jaume Collet-Serra,Liam Neeson,Vera Farmiga,Patrick Wilson,Action Thriller,the commuter
Babak Najafi,Taraji P. Henson,Billy Brown,Danny Glover,Thriller Action Crime,proud mary
Brett Donowho,Bruce Willis,Cole Hauser,Shawn Ashmore,Action,acts of violence
Trudie Styler,Alex Lawther,Abigail Breslin,Bette Midler,Comedy Drama,freak show
Sam Hoffman,Jemaine Clement,Elliott Gould,Ingrid Michaelson,Comedy,humor me
Daniela Thomas,Adriano Carvalho,Luana Nastas,unknown,Drama,vazante
Hiromasa Yonebayashi,Ruby Barnhill,Louis Ashbourne Serkis,Kate Winslet,Fantasy Adventure Animation,mary and the witch's flower
Nicolai Fuglsig,Chris Hemsworth,Michael Shannon,Michael Peña,War Drama Action History,12 strong
Christian Gudegast,Gerard Butler,50 Cent,Pablo Schreiber,Action Thriller Crime,den of thieves
Bethany Ashton Wolf,Alex Roe,Jessica Rothe,John Benjamin Hickey,Romance Drama Music,forever my girl
Wes Ball,Dylan O'Brien,Kaya Scodelario,Thomas Brodie-Sangster,Science Fiction Action,maze runner: the death cure
Ziad Doueiri,Adel Karam,Camille Salameh,Kamel El Basha,Comedy Crime,the insult
Ben Lewin,Dakota Fanning,Toni Collette,Alice Eve,Comedy Drama,please stand by
The Spierig Brothers,Helen Mirren,Jason Clarke,Sarah Snook,Horror Thriller,winchester
Sebastián Lelio,Daniela Vega,Francisco Reyes,unknown,Drama,a fantastic woman
Mario Van Peebles,Mario Van Peebles,William Fichtner,Ryan Guzman,Action Horror Thriller,armed
Julius Onah,Daniel Brühl,Elizabeth Debicki,Aksel Hennie,Horror Science Fiction Action Thriller,the cloverfield paradox
Bryan Coyne,Brea Grant,Graham Skipper,Aly Fitzgerald,Horror,bad apples
Will Gluck,James Corden,Domhnall Gleeson,Rose Byrne,Animation Adventure Family,peter rabbit
James Foley,Dakota Johnson,Jamie Dornan,Kim Basinger,Drama Romance,fifty shades freed
Clint Eastwood,Anthony Sadler,Alek Skarlatos,Spencer Stone,Thriller History Drama,the 15:17 to paris
Marco Polo Constandse,Marco Polo Constandse (director); Omar Chaparro,Marimar Vega,Ryan Carnes,Comedy,la boda de valentina
Surendra Poudel,Anmol K.C.,Aditi Budhathoki,Anoop Bikram Shahi,,kri
Brian Crano,Rebecca Hall,Dan Stevens,Morgan Spector,Comedy Romance Drama,permission
Holger Tappe,Emily Watson,Jason Isaacs,Nick Frost,,monster family
Alex Ross Perry,Emily Browning,Adam Horowitz,Mary-Louise Parker,Drama,golden exits
"Ryan Coogler (director/​screenplay); Joe Robert Cole (screenplay); Chadwick Boseman, Michael B. Jordan, Lupita Nyong'o, Danai Gurira, Martin Freeman, Daniel Kaluuya, Letitia Wright, Winston Duke, Angela Bassett, Forest Whitaker, Andy Serkis, John Kani, Florence Kasumba, Atandwa Kani, Sterling K. Brown, Isaach de Bankolé, Trevor Noah, Stan Lee, Sebastian Stan",Chadwick Boseman,Michael B. Jordan,Lupita Nyong'o,Action Adventure Science Fiction,black panther
Nick Park,Eddie Redmayne,Tom Hiddleston,Maisie Williams,Family Comedy Animation Adventure,early man
Andrey Zvyagintsev,Maryana Spivak,Alexei Rozin,Matvey Novikov,Drama,loveless
Sally Potter,Timothy Spall,Kristin Scott Thomas,Patricia Clarkson,Comedy,the party
Mark Pellington,Jon Hamm,Nick Offerman,Amber Tamblyn,Drama,nostalgia
Lance Daly,Hugo Weaving,Jim Broadbent,Stephen Rea,Drama Western,black '47
Bruce Macdonald,Taylor James,Jackson Rathbone,Billy Zane,Action Drama Adventure,samson
"Jonathan Goldstein, John Francis Daley",Jason Bateman,Rachel McAdams,Kyle Chandler,Mystery Comedy Crime,game night
Alex Garland,Natalie Portman,Jennifer Jason Leigh,Gina Rodriguez,Action Science Fiction Horror Mystery,annihilation
Michael Sucsy,Angourie Rice,Maria Bello,Debby Ryan,Drama Fantasy Romance,every day
David Freyne,David Freyne (director); Ellen Page,Sam Keeley,Tom Vaughan-Lawlor,Horror Drama Science Fiction,the cured
Brian O'Malley,Charlotte Vega,Bill Milner,Eugene Simon,Drama Horror Romance Thriller,the lodgers
Francis Lawrence,Jennifer Lawrence,Joel Edgerton,Matthias Schoenaerts,Mystery Thriller,red sparrow
Eli Roth,Bruce Willis,Vincent D'Onofrio,Dean Norris,Action Crime Drama Thriller,death wish
Shawn Christensen,Logan Lerman,Elle Fanning,Michelle Monaghan,Mystery Drama,the vanishing of sidney hall
Samuel Maoz,Lior Ashkenazi,Sarah Adler,Yonatan Shiray,Comedy Drama War,foxtrot
Usher Morgan,Elyse Price,Joel Bernard,Katie Vincent,Thriller Action Crime Drama Mystery,pickings
Ava DuVernay,Storm Reid,Oprah Winfrey,Reese Witherspoon,Adventure Science Fiction Family Fantasy,a wrinkle in time
Nash Edgerton,David Oyelowo,Charlize Theron,Joel Edgerton,Comedy Action,gringo
Cory Finley,Olivia Cooke,Anya Taylor-Joy,Anton Yelchin,Drama Thriller,thoroughbreds
Armando Iannucci,Steve Buscemi,Simon Russell Beale,Paddy Considine,Comedy Drama History,the death of stalin
Paolo Virzì,Donald Sutherland,Helen Mirren,unknown,Drama Romance Adventure,the leisure seeker
Johannes Roberts,Christina Hendricks,Martin Henderson,Bailee Madison,Horror Thriller,the strangers: prey at night
Rob Cohen,Toby Kebbell,Maggie Grace,Ryan Kwanten,Action Crime Thriller,the hurricane heist
Roar Uthaug,Alicia Vikander,Dominic West,Walton Goggins,Action Adventure Fantasy,tomb raider
Greg Berlanti,Nick Robinson,Katherine Langford,Alexandra Shipp,Comedy Drama Romance,"love, simon"
Jon Erwin,Cloris Leachman,Dennis Quaid,Priscilla Shirer,Music Drama,i can only imagine
José Padilha,Rosamund Pike,Daniel Brühl,Vincent Cassel,Thriller Drama Crime,7 days in entebbe
Laurie Collyer,Melissa Leo,Tessa Thompson,La La Anthony,Comedy,furlough
Eric England,Sophie Turner,Dylan McDermott,Jack Kilmer,Thriller Drama,josie
Max Winkler,Zoey Deutch,Kathryn Hahn,Tim Heidecker,Drama Comedy,flower
Steven S. DeKnight,John Boyega,Scott Eastwood,Cailee Spaeny,Action Fantasy Science Fiction Adventure,pacific rim: uprising
Wes Anderson,Bryan Cranston,Edward Norton,Bill Murray,Adventure Comedy Animation,isle of dogs
John Stevenson,James McAvoy,Emily Blunt,Johnny Depp,Animation Family Fantasy Comedy Adventure Mystery,sherlock gnomes
Steven Soderbergh,Claire Foy,Joshua Leonard,Jay Pharoah,Horror Thriller,unsane
Andrew Hyatt,James Faulkner,Jim Caviezel,Olivier Martinez,Drama History,"paul, apostle of christ"
Stanley Tucci,Geoffrey Rush,Armie Hammer,Clémence Poésy,Drama History,final portrait
Scott Speer,Bella Thorne,Patrick Schwarzenegger,Rob Riggle,Romance Drama,midnight sun
Ryan Justice,Amanda Delaney,Justin Maina,Sean Michael Gloria,Thriller,followers
Steven Spielberg,Tye Sheridan,Olivia Cooke,Ben Mendelsohn,Science Fiction Adventure Action,ready player one
Tyler Perry,Taraji P. Henson,Lyriq Bent,Tika Sumpter,Thriller,tyler perry's acrimony
Michael Mason,David A. R. White,John Corbett,Shane Harper,Drama,god's not dead: a light in darkness
Aaron Katz,Lola Kirke,Zoë Kravitz,Greta Lee,Science Fiction Action Thriller,gemini
Adam Rifkin,Burt Reynolds,Ariel Winter,Clark Duke,Drama,the last movie star
John Krasinski,John Krasinski,Emily Blunt,Millicent Simmonds,Science Fiction Thriller Horror,a quiet place
Kay Cannon,Leslie Mann,Ike Barinholtz,John Cena,Comedy,blockers
Lynne Ramsay,Joaquin Phoenix,Ekaterina Samsonov,Alex Manette,Thriller Drama,you were never really here
John Curran,Jason Clarke,Kate Mara,Ed Helms,Drama Thriller History,chappaquiddick
"Drew Fellman, David Douglas",Kristen Bell,unknown,unknown,Documentary,pandas
Andrew Haigh,Charlie Plummer,Chloë Sevigny,Travis Fimmel,Drama Adventure,lean on pete
Sean McNamara,Helen Hunt,William Hurt,Erin Moriarty,Drama,the miracle season
Brad Anderson,Jon Hamm,Rosamund Pike,Dean Norris,Action Thriller Drama,beirut
Brad Peyton,Dwayne Johnson,Naomie Harris,Malin Åkerman,Action,rampage
Jeff Wadlow,Lucy Hale,Tyler Posey,Violett Beane,Thriller Horror,truth or dare
Chloé Zhao,Brady Jandreau,unknown,unknown,Western Drama,the rider
Richard Lanni,Logan Lerman,Helena Bonham Carter,Gérard Depardieu,Animation Adventure Family History War,sgt. stubby: an american hero
"Abby Kohn, Marc Silverstein",Amy Schumer,Michelle Williams,Emily Ratajkowski,Comedy Romance,i feel pretty
Jay Chandrasekhar,Jay Chandrasekhar,Paul Soter,Steve Lemme,Comedy Crime Mystery,super troopers 2
Deon Taylor,Paula Patton,Omar Epps,Missi Pyle,Horror Thriller,traffik
Peter Livolsi,Asa Butterfield,Nick Offerman,Ellen Burstyn,Drama,the house of tomorrow
Naoko Yamada,Atsumi Tanezaki,Nao Tōyama,unknown,Animation Drama Music,liz and the blue bird
Anthony Russo and Joe Russo,Robert Downey Jr.,Chris Hemsworth,Mark Ruffalo,Adventure Action Science Fiction,avengers: infinity war
Sebastián Lelio,Rachel Weisz,Rachel McAdams,Alessandro Nivola,Drama Romance,disobedience
Per Fly,Ben Kingsley,Theo James,Jacqueline Bisset,Thriller Drama History,backstabbing for beginners
Deniz Gamze Ergüven,Halle Berry,Daniel Craig,unknown,Adventure Drama Action,kings
"Rob Greenberg, Bob Fisher (directors/screenplay); Anna Faris, Eugenio Derbez, Eva Longoria, John Hannah, Josh Segarra, Mel Rodriguez",Anna Faris,Eugenio Derbez,Eva Longoria,Romance Comedy,overboard
Jason Reitman,Charlize Theron,Mackenzie Davis,Mark Duplass,Drama,tully
Dean Devlin,David Tennant,Robert Sheehan,Carlito Olivero,Thriller Crime Horror,bad samaritan
Bobby Miller,Johnny Galecki,Anna Friel,Oliver Platt,Drama Comedy Fantasy,the cleanse
Xavier Beauvois,Nathalie Baye,unknown,unknown,Family Animation Fantasy Action Adventure,the guardians
Ben Falcone,Melissa McCarthy,Maya Rudolph,Molly Gordon,Comedy,life of the party
James McTeigue,Gabrielle Union,Billy Burke,Richard Cabral,Thriller Crime Action Horror,breaking in
Michael Mayer,Saoirse Ronan,Annette Bening,Corey Stoll,Drama Romance Comedy,the seagull
Vaughn Stein,Margot Robbie,Simon Pegg,Dexter Fletcher,Crime Drama Thriller,terminal
Coralie Fargeat,Matilda Lutz,Kevin Janssens,Vincent Colombe,Animation Action Fantasy,revenge
David Leitch,Ryan Reynolds,Josh Brolin,Zazie Beetz,Action Comedy Adventure,deadpool 2
Bill Holderman,Jane Fonda,Candice Bergen,Mary Steenburgen,Comedy Romance Drama,book club
Paul Schrader,Ethan Hawke,Amanda Seyfried,Cedric Kyles,Drama,first reformed
Wim Wenders,Wim Wenders (director); Pope Francis,unknown,unknown,Documentary,pope francis: a man of his word
Raja Gosnell,Will Arnett,Natasha Lyonne,Ludacris,Adventure Crime Family Comedy,show dogs
Ron Howard,Alden Ehrenreich,Woody Harrelson,Emilia Clarke,Science Fiction Adventure,solo: a star wars story
John Cameron Mitchell,Elle Fanning,Alex Sharp,Nicole Kidman,Comedy Music Romance Science Fiction,how to talk to girls at parties
Anthony Byrne,Natalie Dormer,Emily Ratajkowski,Ed Skrein,Thriller Mystery,in darkness
Bruce LaBruce,Susanne Sachße,Viva Ruiz,Kembra Pfahler,Drama,the misandrists
"James Franco, Bruce Thierry Cheung",James Franco,Suki Waterhouse,Jeffrey Wahlberg,Science Fiction,future world
Tim Kirkby,Johnny Knoxville,Chris Pontius,unknown,Comedy Drama,action point
Baltasar Kormákur,Shailene Woodley,Sam Claflin,unknown,Thriller Romance Adventure,adrift
Leigh Whannell,Logan Marshall-Green,Betty Gabriel,Harrison Gilbertson,Action Thriller Science Fiction,upgrade
Bart Layton,Evan Peters,Barry Keoghan,Blake Jenner,Drama Crime Documentary,american animals
Theresa Bennett,Noël Wells,Josh Radnor,Aya Cash,Comedy Romance,social animals
Gary Ross,Sandra Bullock,Cate Blanchett,Anne Hathaway,Crime Comedy Action,ocean's 8
Morgan Neville,Morgan Neville (director); Fred Rogers,unknown,unknown,Documentary,won't you be my neighbor?
Ari Aster,Toni Collette,Alex Wolff,Milly Shapiro,Horror Mystery Thriller,hereditary
Drew Pearce,Jodie Foster,Sterling K. Brown,Sofia Boutella,Thriller Science Fiction Action,hotel artemis
Director X,Trevor Jackson,Jason Mitchell,Michael K. Williams,Action Crime,superfly
Brad Bird,Craig T. Nelson,Holly Hunter,Sarah Vowell,Action Adventure Animation Family,incredibles 2
Jeff Tomsic,Ed Helms,Jeremy Renner,Jon Hamm,Comedy Action,tag
Dominic Cooke,Saoirse Ronan,Billy Howle,Emily Watson,Drama Romance,on chesil beach
Kevin Connolly,John Travolta,Kelly Preston,Stacy Keach,Crime Drama History Thriller,gotti
J.A. Bayona,Chris Pratt,Bryce Dallas Howard,Rafe Spall,Action Adventure Science Fiction,jurassic world: fallen kingdom
Shana Feste,Vera Farmiga,Christopher Plummer,Lewis MacDougall,Comedy Drama,boundaries
"David Zellner, Nathan Zellner (directors/screenplay); Robert Pattinson, Mia Wasikowska",Robert Pattinson,Mia Wasikowska,unknown,Comedy Western,damsel
Mike P. Nelson,Tyler Hoechlin,Kate Bosworth,Lance Reddick,Thriller Horror,the domestics
Stefano Sollima,Benicio del Toro,Josh Brolin,Isabela Moner,Action Crime Drama Thriller,sicario: day of the soldado
Debra Granik,Ben Foster,Thomasin McKenzie,Jeff Kober,Drama,leave no trace
Charles Stone III,Kyrie Irving,Lil Rel Howery,Shaquille O'Neal,Comedy,uncle drew
Susanna White,Jessica Chastain,Michael Greyeyes,Chaske Spencer,Drama History Western,woman walks ahead
Gerard McMurray,Y'lan Noel,Lex Scott Davis,Joivan Wade,Action Science Fiction Thriller Horror Crime,the first purge
Peyton Reed,Paul Rudd,Evangeline Lilly,Michael Peña,Action Adventure Science Fiction,ant-man and the wasp
Boots Riley,Lakeith Stanfield,Tessa Thompson,Armie Hammer,Fantasy Science Fiction Comedy,sorry to bother you
Kevin MacDonald,Whitney Houston,unknown,unknown,Music Documentary,whitney
Genndy Tartakovsky,Adam Sandler,Andy Samberg,Selena Gomez,Family Fantasy Comedy Animation,hotel transylvania 3: summer vacation
Rawson Marshall Thurber,Dwayne Johnson,Neve Campbell,Chin Han,Action,skyscraper
Bo Burnham,Elsie Fisher,Josh Hamilton,Emily Robinson,Comedy Drama,eighth grade
Gus Van Sant,Joaquin Phoenix,Rooney Mara,Jonah Hill,Comedy Drama,"don't worry, he won't get far on foot"
Rob Reiner,Woody Harrelson,Tommy Lee Jones,James Marsden,Drama History Thriller,shock and awe
Ol Parker,Lily James,Amanda Seyfried,Pierce Brosnan,Comedy Romance,mamma mia! here we go again
Antoine Fuqua,Denzel Washington,Ashton Sanders,Pedro Pascal,Action Thriller Crime,the equalizer 2
Carlos López Estrada,Janina Gavankar,Ethan Embry,Daveed Diggs,Comedy Drama,blindspotting
Stephen Susco,Colin Woodell,Rebecca Rittenhouse,Betty Gabriel,Horror Mystery Thriller,unfriended: dark web
Shinsuke Sato,Shinsuke Sato (director); Sota Fukushi,Hana Sugisaki,unknown,Action Fantasy Adventure,bleach
Édouard Deluc,Vincent Cassel,Tuheï Adams,Malik Zidi,Drama Romance,gauguin – voyage de tahiti
Christopher McQuarrie,Tom Cruise,Henry Cavill,Ving Rhames,Action Adventure,mission: impossible – fallout
Peter Rida Michail,Scott Menville,Khary Payton,Tara Strong,Animation Action Comedy Science Fiction,teen titans go! to the movies
Tsui Hark,Tsui Hark (director),Chang Chia-lu,Chen Kuo-Fu (screenplay),Mystery Fantasy Adventure Action,detective dee: the four heavenly kings
Elijah Bynum,Timothée Chalamet,Maika Monroe,Alex Roe,Drama Comedy,hot summer nights
Marc Turtletaub,Kelly Macdonald,Irrfan Khan,David Denman,Drama,puzzle
Marc Forster,Ewan McGregor,Hayley Atwell,Jim Cummings,Adventure Comedy Family Fantasy,christopher robin
Jennifer Yuh Nelson,Amandla Stenberg,Mandy Moore,Harris Dickinson,Science Fiction Action Drama Romance Adventure Thriller,the darkest minds
Susanna Fogel,Mila Kunis,Kate McKinnon,Justin Theroux,Action Comedy,the spy who dumped me
Desiree Akhavan,Chloë Grace Moretz,Sasha Lane,John Gallagher,Drama,the miseducation of cameron post
Augustine Frizzell,Maia Mitchell,Camila Morrone,Kyle Mooney,Comedy,never goin' back
Ken Marino,Nina Dobrev,Finn Wolfhard,Vanessa Hudgens,Romance Comedy Drama,dog days
Jon Turteltaub,Jason Statham,Li Bingbing,Rainn Wilson,Action Science Fiction Horror,the meg
Spike Lee,John David Washington,Adam Driver,Laura Harrier,Crime Drama History Comedy,blackkklansman
Sylvain White,Joey King,Julia Goldani Telles,Jaz Sinclair,Horror Mystery Thriller,slender man
Jean-Stéphane Sauvaire,Joe Cole,unknown,unknown,Drama Action Crime,a prayer before dawn
Jon M. Chu,Constance Wu,Henry Golding,Gemma Chan,Comedy Drama Romance,crazy rich asians
Albert Hughes,Kodi Smit-McPhee,Leonor Varela,Jens Hultén,Adventure Drama,alpha
Peter Berg,Mark Wahlberg,John Malkovich,Lauren Cohan,Action Thriller,mile 22
Björn Runge,Glenn Close,Jonathan Pryce,Christian Slater,Drama,the wife
James Cox,Ansel Elgort,Taron Egerton,Kevin Spacey,Drama Thriller,billionaire boys club
Jesse Peretz,Ethan Hawke,Rose Byrne,unknown,Comedy Drama Romance,"juliet, naked"
Rodrigo Cortés,AnnaSophia Robb,Uma Thurman,Isabelle Fuhrman,Thriller Drama Fantasy Horror,down a dark hall
Brian Henson,Melissa McCarthy,Maya Rudolph,Joel McHale,Action Comedy Crime,the happytime murders
Aneesh Chaganty,John Cho,Debra Messing,unknown,Thriller Mystery Drama,searching
Michael Noer,Charlie Hunnam,Rami Malek,unknown,Drama History Crime,papillon
Oliver Daly,Alex Neustaedter,Becky G,Alex MacNicoll,Science Fiction Action Adventure Family,a.x.l.
Chris Weitz,Oscar Isaac,Ben Kingsley,Lior Raz,Drama History Thriller,operation finale
"Jonathan Baker, Josh Baker",Myles Truitt,Jack Reynor,Zoë Kravitz,Science Fiction Action,kin
Lenny Abrahamson,Domhnall Gleeson,Ruth Wilson,Will Poulter,Mystery Drama Horror History,the little stranger
Victor Levin,Winona Ryder,Keanu Reeves,unknown,Romance Comedy Drama,destination wedding
Corin Hardy,Demián Bichir,Taissa Farmiga,Jonas Bloquet,Horror Mystery Thriller,the nun
Pierre Morel,Jennifer Garner,John Ortiz,Juan Pablo Raba,Action Thriller,peppermint
Shane Black,Boyd Holbrook,Trevante Rhodes,Jacob Tremblay,Science Fiction Action Adventure Comedy,the predator
Yann Demange,Matthew McConaughey,Richie Merritt,Bel Powley,Crime Drama,white boy rick
Paul Feig,Anna Kendrick,Blake Lively,Henry Golding,Crime Thriller,a simple favor
Richard Eyre,Emma Thompson,Stanley Tucci,Fionn Whitehead,Drama,the children act
Craig William Macneill,Chloë Sevigny,Kristen Stewart,Jay Huguley,Crime Drama Thriller,lizzie
Harold Cronk,Samuel Hunt,Merritt Patterson,Vanessa Bell Calloway,Drama,unbroken: path to redemption
Stephen Cognetti,Vasile Flutur,Jillian Geurts,Joy Shatz,Horror,hell house llc ii: the abaddon hotel
Eli Roth,Jack Black,Cate Blanchett,Owen Vaccaro,Fantasy Family Comedy,the house with a clock in its walls
Dan Fogelman,Oscar Isaac,Olivia Wilde,Mandy Patinkin,Drama Romance,life itself
Jacques Audiard,John C. Reilly,Joaquin Phoenix,Jake Gyllenhaal,Western Drama Adventure,the sisters brothers
Sam Levinson,Odessa Young,Suki Waterhouse,Hari Nef,Thriller Comedy Horror,assassination nation
Wash Westmoreland,Keira Knightley,Dominic West,unknown,Drama History,colette
Michael Moore,Michael Moore (director/screenplay),unknown,unknown,Documentary,fahrenheit 11/9
Christian Carion,Guillaume Canet,Melanie Laurent,unknown,Crime Drama Thriller,my son
Lisa Dapolito,Lisa Dapolito (director); Gilda Radner,unknown,unknown,Documentary,"love, gilda"
Kenji Nagasaki,Justin Briner,Christopher R. Sabat,Clifford Chapin,Animation Action Adventure Fantasy,my hero academia: two heroes
Karey Kirkpatrick,Channing Tatum,James Corden,Zendaya,Family Animation Adventure Fantasy,smallfoot
Malcolm D. Lee,Kevin Hart,Tiffany Haddish,Rob Riggle,Comedy,night school
David Lowery,Robert Redford,Casey Affleck,Danny Glover,Comedy Crime Drama,the old man & the gun
Gregory Plotkin,Bex Taylor-Klaus,Amy Forsyth,Reign Edwards,Horror,hell fest
Dave Christiano,Nicholas X. Parsons,Patty Duke,Michael Gross,,power of the air
Ruben Fleischer,Tom Hardy,Michelle Williams,Riz Ahmed,Science Fiction Action,venom
Bradley Cooper,Bradley Cooper,Lady Gaga,Sam Elliott,Drama Romance Music,a star is born
George Tillman Jr.,Amandla Stenberg,Regina Hall,Russell Hornsby,Crime Drama,the hate u give
Rupert Everett,Rupert Everett,Colin Firth,Colin Morgan,Drama,the happy prince
Damien Chazelle,Ryan Gosling,Claire Foy,Jason Clarke,History Drama,first man
Drew Goddard,Jeff Bridges,Cynthia Erivo,Dakota Johnson,Thriller Drama Mystery Crime,bad times at the el royale
Ari Sandel,Wendi McLendon-Covey,Madison Iseman,Jeremy Ray Taylor,Adventure Comedy Fantasy Family Horror,goosebumps 2: haunted halloween
Felix van Groeningen,Steve Carell,Timothée Chalamet,Maura Tierney,Drama,beautiful boy
Ike Barinholtz,Ike Barinholtz,Tiffany Haddish,Nora Dunn,Comedy,the oath
Nick Searcy,Nick Searcy (director); Earl Billings,Dean Cain,Sarah Jane Morris,Drama Crime,gosnell: the trial of america's biggest serial killer
"Hannah Marks, Joey Power (directors/screenplay), Jeremy Allen White, Maika Monroe, DeRon Horton, Sasha Lane, Dean Winters, Gina Gershon, Marisa Tomei",Hannah Marks,Joey Power (directors/screenplay),Jeremy Allen White,Comedy Drama Romance,after everything
David Gordon Green,Jamie Lee Curtis,Judy Greer,Andi Matichak,Mystery Animation Action Crime,halloween
Marielle Heller,Melissa McCarthy,Richard E. Grant,unknown,Drama Crime Comedy,can you ever forgive me?
Jonah Hill,Sunny Suljic,Lucas Hedges,Katherine Waterston,Drama Comedy,mid90s
Paul Dano,Carey Mulligan,Jake Gyllenhaal,Ed Oxenbould,Drama,wildlife
Elizabeth Chomko,Hilary Swank,Michael Shannon,Robert Forster,Drama,what they had
Donovan Marsh,Gerard Butler,Gary Oldman,Common,Action Thriller,hunter killer
David Kerr,Rowan Atkinson,Olga Kurylenko,Ben Miller,Action Adventure Comedy,johnny english strikes again
Luca Guadagnino,Dakota Johnson,Tilda Swinton,Mia Goth,Horror Thriller,suspiria
David G. Evans,Sarah Drew,Justin Bruening,Jason George,Drama War,indivisible
David McCracken,Mike C. Nelson,Jenni Melear,David McCracken,Action Drama Thriller,bullitt county
Bryan Singer,Rami Malek,Lucy Boynton,Gwilym Lee,Music Drama History,bohemian rhapsody
"Lasse Hallström, Joe Johnston",Keira Knightley,Mackenzie Foy,Eugenio Derbez,Fantasy Adventure Family,the nutcracker and the four realms
Tyler Perry,Tiffany Haddish,Tika Sumpter,Omari Hardwick,Comedy Romance,nobody's fool
Joel Edgerton,Lucas Hedges,Nicole Kidman,Russell Crowe,Drama,boy erased
Matthew Heineman,Rosamund Pike,Jamie Dornan,Stanley Tucci,War Drama,a private war
Joseph Kahn,Calum Worthy,Jackie Long,Rory Uphold,Drama Comedy Music,bodied
Jason Reitman,Hugh Jackman,Vera Farmiga,J. K. Simmons,Drama History,the front runner
"Yarrow Cheney, Scott Mosier",Benedict Cumberbatch,Rashida Jones,Kenan Thompson,Animation Family Comedy Fantasy,the grinch
Fede Alvarez,Claire Foy,Sverrir Gudnason,Lakeith Stanfield,Crime Thriller Action Drama,the girl in the spider's web
Julius Avery,Jovan Adepo,Wyatt Russell,Mathilde Ollivier,Horror War Science Fiction,overlord
"Joel and Ethan Coen (directors/screenplay); Tim Blake Nelson, Zoe Kazan, Liam Neeson, Tom Waits",Tim Blake Nelson,Zoe Kazan,Liam Neeson,Comedy Drama Western Music,the ballad of buster scruggs
Daniel Fabelo & Matt Hullum,Gavin Free,Michael Jones,Burnie Burns,Science Fiction Action Adventure Comedy,lazer team 2
Josh Webber,Josh Webber (director); Shaun Cairo (Screenplay),Jo Marie Payton,Gary Leroi Gray,Drama Thriller,conundrum: secrets among friends
David Yates,Eddie Redmayne,Katherine Waterston,Dan Fogler,Adventure Fantasy Drama,fantastic beasts: the crimes of grindelwald
Steve McQueen,Viola Davis,Michelle Rodriguez,Elizabeth Debicki,Crime Thriller,widows
Sean Anders,Mark Wahlberg,Rose Byrne,Isabela Moner,Comedy Drama,instant family
"Rich Moore, Phil Johnston",John C. Reilly,Sarah Silverman,Gal Gadot,Family Animation Comedy Adventure,ralph breaks the internet
Steven Caple Jr.,Michael B. Jordan,Sylvester Stallone,Tessa Thompson,Drama,creed ii
Peter Farrelly,Viggo Mortensen,Mahershala Ali,Linda Cardellini,Drama Comedy Music,green book
Otto Bathurst,Taron Egerton,Jamie Foxx,Ben Mendelsohn,Adventure Action Thriller,robin hood
Alfonso Cuarón,Yalitza Aparicio,Marina de Tavira,Fernando Grediaga,Drama,roma
Yorgos Lanthimos,Olivia Colman,Emma Stone,Rachel Weisz,History Drama Comedy,the favourite
Andy Serkis,Rohan Chand,Christian Bale,Cate Blanchett,Adventure Drama,mowgli: legend of the jungle
Diederik van Rooijen,Diederik van Rooijen (director); Brian Sieve (writer); Shay Mitchell,Grey Damon,Kirby Johnson,Horror Drama,the possession of hannah grace
John McPhail,Ella Hunt,Malcolm Cumming,Marli Siu,Horror Comedy Fantasy,anna and the apocalypse
Nadine Labaki,Zain Al Rafeea,Yordanos Shiferaw,Boluwatife Treasure Bankole,Drama,capernaum
Josie Rourke,Saoirse Ronan,Margot Robbie,Jack Lowden,Drama History,mary queen of scots
Peter Hedges,Lucas Hedges,Julia Roberts,Kathryn Newton,Drama,ben is back
"Bob Persichetti, Peter Ramsey, Rodney Rothman",Shameik Moore,Jake Johnson,Hailee Steinfeld,Action Adventure Animation Science Fiction Comedy,spider-man: into the spider-verse
Christian Rivers,Hugo Weaving,Hera Hilmar,Robert Sheehan,Adventure Science Fiction,mortal engines
Clint Eastwood,Clint Eastwood,Bradley Cooper,Laurence Fishburne,Crime Drama Thriller,the mule
Barry Jenkins,Kiki Layne,Stephan James,Teyonah Parris,Romance Drama,if beale street could talk
Rob Marshall,Emily Blunt,Lin-Manuel Miranda,Ben Whishaw,Fantasy Family Comedy,mary poppins returns
James Wan,Jason Momoa,Amber Heard,Willem Dafoe,Action Adventure Fantasy,aquaman
Travis Knight,Hailee Steinfeld,John Cena,Jorge Lendeborg Jr.,Action Adventure Science Fiction,bumblebee
Robert Zemeckis,Steve Carell,Leslie Mann,Diane Kruger,Drama Comedy Fantasy,welcome to marwen
Peter Segal,Jennifer Lopez,Leah Remini,Vanessa Hudgens,Romance Comedy,second act
Paweł Pawlikowski,Joanna Kulig,Tomasz Kot,Agata Kulesza,Animation,cold war
Etan Cohen,Will Ferrell,John C. Reilly,Rebecca Hall,Mystery Adventure Comedy Crime,holmes & watson
Adam McKay,Christian Bale,Amy Adams,Steve Carell,Thriller Science Fiction Action Adventure,vice
Mimi Leder,Felicity Jones,Armie Hammer,Justin Theroux,Drama History,on the basis of sex
Karyn Kusama,Nicole Kidman,Sebastian Stan,Toby Kebbell,Thriller Crime Drama Action,destroyer
David Slade,Fionn Whitehead,Will Poulter,Asim Chaudhry,Science Fiction Mystery Drama Thriller TV Movie,black mirror: bandersnatch
Adam Robitel,Taylor Russell,Logan Miller,Deborah Ann Woll,Thriller Action Mystery Adventure Horror,escape room
Jen McGowan,Hermione Corfield,Jay Paulson,Sean O'Bryan,Thriller Drama,rust creek
Wilson Coneybeare,Donald Sutherland,Vincent Kartheiser,Oliver Dennis,Thriller,american hangman
Charles Martin Smith,Bryce Dallas Howard,Edward James Olmos,Alexandra Shipp,Drama Adventure Family,a dog's way home
Neil Burger,Bryan Cranston,Kevin Hart,Nicole Kidman,Comedy Drama,the upside
Jeffrey Nachmanoff,Keanu Reeves,unknown,unknown,Science Fiction Thriller,replicas
Batán Silva,Natalia Dyer,Kyra Sedgwick,Tim Daly,Drama Family Thriller Science Fiction,after darkness
M. Night Shyamalan,James McAvoy,Bruce Willis,Samuel L. Jackson,Thriller Drama Science Fiction,glass
Vicky Jewson,Noomi Rapace,Sophie Nélisse,Indira Varma,Action Thriller,close
Henry Dunham,James Badge Dale,Brian Geraghty,unknown,Drama Thriller Mystery,the standoff at sparrow creek
Timothy Woodward Jr.,Lin Shaye,Michael Welch,Melissa Bolona,Horror,the final wish
Joe Cornish,Louis Ashbourne Serkis,Dean Chaumoo,Tom Taylor,Action Adventure Fantasy Family,the kid who would be king
Steven Knight,Matthew McConaughey,Anne Hathaway,Jason Clarke,Thriller Mystery Drama,serenity
Grant Sputore,Grant Sputore (director),Michael Lloyd Green (screenplay/story),Clara Rugaard,Science Fiction Thriller,i am mother
Andrew Patterson,Andrew Patterson (director),James Montague,Craig W. Sanger (writers); Sierra McCormick,Mystery Science Fiction Thriller,the vast of night
Catherine Hardwicke,Gina Rodriguez,Ismael Cruz Córdova,Anthony Mackie,Action,miss bala
Dan Gilroy,Jake Gyllenhaal,Rene Russo,Toni Collette,Thriller Mystery Horror,velvet buzzsaw
Nicolas Pesce,Christopher Abbott,Mia Wasikowska,Laia Costa,Thriller Horror Mystery,piercing
Mike Mitchell,Chris Pratt,Elizabeth Banks,Tiffany Haddish,Action Adventure Animation Comedy Family,the lego movie 2: the second part
Adam Shankman,Taraji P. Henson,Tracy Morgan,Max Greenfield,Comedy Romance,what men want
Hans Petter Moland,Liam Neeson,Tom Bateman,Tom Jackson,Action Crime Thriller,cold pursuit
Steven Soderbergh,André Holland,Zazie Beetz,Melvin Gregg,Drama,high flying bird
Nicholas McCarthy,Taylor Schilling,Peter Mooney,Colm Feore,Horror Thriller,the prodigy
Todd Strauss-Schulson,Rebel Wilson,Liam Hemsworth,Adam DeVine,Comedy Fantasy Romance,isn't it romantic
Christopher Landon,Jessica Rothe,Israel Broussard,Phi Vu,Comedy Horror Science Fiction,happy death day 2u
Robert Rodriguez,Rosa Salazar,Christoph Waltz,Jennifer Connelly,Action Science Fiction Adventure,alita: battle angel
Dean DeBlois,Jay Baruchel,America Ferrera,Cate Blanchett,Animation Family Adventure,how to train your dragon: the hidden world
Stephen Merchant,Florence Pugh,Lena Headey,Nick Frost,Comedy,fighting with my family
Tyler Perry,Tyler Perry,Courtney Burrell,Patrice Lovely,Comedy,tyler perry's a madea family funeral
Neil Jordan,Isabelle Huppert,Chloë Grace Moretz,Maika Monroe,Drama Mystery Thriller Horror,greta
J. C. Chandor,Ben Affleck,Oscar Isaac,Charlie Hunnam,Action Thriller Crime Adventure,triple frontier
"Anna Boden, Ryan Fleck (directors/screenplay); Geneva Robertson-Dworet (screenplay); Brie Larson, Samuel L. Jackson, Ben Mendelsohn, Djimon Hounsou, Lee Pace, Lashana Lynch, Gemma Chan, Annette Bening, Clark Gregg, Jude Law",Brie Larson,Samuel L. Jackson,Ben Mendelsohn,Action Adventure Science Fiction,captain marvel
Vincent D'Onofrio,Ethan Hawke,Dane DeHaan,Jake Schur,Comedy Drama,the kid
"Josh Appelbaum, Andre Nemec (screenplay); Brianna Denski, Ken Hudson Campbell, Matthew Broderick, Jennifer Garner, Kenan Thompson, Ken Jeong, Mila Kunis, John Oliver",Brianna Denski,Ken Hudson Campbell,Matthew Broderick,Comedy Animation Adventure Family Fantasy,wonder park
Rupert Wyatt,John Goodman,Ashton Sanders,Jonathan Majors,Science Fiction,captive state
Katt Shea,Sophia Lillis,Zoe Renee,Mackenzie Graham,Crime Family Comedy Mystery,nancy drew and the hidden staircase
James Kent,Alexander Skarsgård,Keira Knightley,Jason Clarke,War Drama Romance,the aftermath
Justin Baldoni,Cole Sprouse,Haley Lu Richardson,unknown,Romance Drama,five feet apart
John Lee Hancock,Kevin Costner,Woody Harrelson,Kathy Bates,Crime Drama Thriller,the highwaymen
Robert Rodriguez,Roby Attal,Lauren Hatfield,Alejandro Rose Garcia,Thriller Science Fiction,red 11
Ivan Kavanagh,Emile Hirsch,Tim Ahern,Déborah François,Western,never grow old
Jesse V. Johnson,Tony Jaa,Iko Uwais,Tiger Chen,Thriller Action,triple threat
Jordan Peele,Lupita Nyong'o,Winston Duke,Shahadi Wright Joseph,Thriller Horror Mystery,us
Anthony Maras,Dev Patel,Armie Hammer,Nazanin Boniadi,Thriller History Drama Action,hotel mumbai
Jeff Tremaine,Douglas Booth,Iwan Rheon,Machine Gun Kelly,Drama Music History,the dirt
S. Craig Zahler,Mel Gibson,Vince Vaughn,Michael Jai White,Crime Action Thriller,dragged across concrete
Tim Burton,Colin Farrell,Michael Keaton,Danny DeVito,Animation Family,dumbo
Harmony Korine,Matthew McConaughey,Zac Efron,Jonah Hill,Comedy,the beach bum
"Chuck Konzelman, Cary Soloman",Ashley Bratcher,Brooks Ryan,Robia Scott,Drama,unplanned
David F. Sandberg,Zachary Levi,Asher Angel,Mark Strong,Action Comedy Fantasy,shazam!
"Kevin Kolsch, Dennis Widmyer",Jason Clarke,Amy Seimetz,John Lithgow,Horror,pet sematary
Robin Bissell,Taraji P. Henson,Sam Rockwell,unknown,Drama History,the best of enemies
Claire Denis,Robert Pattinson,Juliette Binoche,André Benjamin,Science Fiction Drama Mystery Thriller,high life
Brie Larson,Brie Larson,Samuel L. Jackson,Joan Cusack,Fantasy Drama Comedy,unicorn store
Daniel Farrands,Hilary Duff,Jonathan Bennett,Lydia Hearst,Horror Thriller,the haunting of sharon tate
Emma Tammi,Caitlin Gerard,Ashley Zukerman,Julia Goldani Telles,Western Horror Thriller,the wind
John R. Leonetti,Kiernan Shipka,Stanley Tucci,Miranda Otto,Horror Drama Thriller Fantasy,the silence
Neil Marshall,David Harbour,Milla Jovovich,Ian McShane,Fantasy Action Adventure Science Fiction,hellboy
Tina Gordon,Issa Rae,Regina Hall,Marsai Martin,Thriller Crime,little
Chris Butler,Hugh Jackman,Zach Galifianakis,Zoe Saldana,Family Animation Comedy Adventure Fantasy,missing link
Jenny Gage,Josephine Langford,Hero Fiennes Tiffin,Selma Blair,Romance Drama Comedy,after
Alex Ross Perry,Elisabeth Moss,Cara Delevingne,Dan Stevens,Drama Music,her smell
Roxann Dawson,Chrissy Metz,Josh Lucas,Topher Grace,Drama,breakthrough
Alastair Fothergill,Alastair Fothergill (director),Jeff Wilson (co-director); Ed Helms,unknown,Family Animation Adventure Comedy,penguins
Michael Chaves,Linda Cardellini,Raymond Cruz,Patricia Velasquez,Horror Thriller Mystery,the curse of la llorona
David Robert Mitchell,Andrew Garfield,Riley Keough,Topher Grace,Crime Drama Mystery,under the silver lake
Laura Steinel,Taylor Schilling,Brian Tyree Henry,Bryn Vale,Animation Action,family
Julia Hart,Gugu Mbatha-Raw,Lorraine Toussaint,Saniyya Sidney,Thriller Drama Science Fiction,fast color
Jennifer Kaytin Robinson,Gina Rodriguez,Brittany Snow,DeWanda Wise,Comedy Romance,someone great
Meir Zarchi,Camille Keaton,Maria Olsen,Meir Zarchi,Horror Thriller,i spit on your grave: deja vu
Anthony and Joe Russo,Robert Downey Jr.,Chris Evans,Mark Ruffalo,Adventure Science Fiction Action,avengers: endgame
Josh Lobo,A. J. Bowen,Scott Poythress,Susan Burke,Horror,i trapped the devil
Roxanne Benjamin,Karina Fontes,Casey Adams,Emily Althaus,Thriller,body at brighton rock
Tanya Wexler,Zoey Deutch,Jermaine Fowler,Judy Greer,Comedy Drama Romance,buffaloed
Jonathan Levine,Seth Rogen,Charlize Theron,O'Shea Jackson Jr.,Comedy Romance,long shot
Deon Taylor,Dennis Quaid,Michael Ealy,Meagan Good,Thriller,the intruder
Kelly Asbury,Kelly Clarkson,Pitbull,Nick Jonas,Family Animation Comedy Adventure Fantasy Music,uglydolls
Joe Berlinger,Zac Efron,Lily Collins,Kaya Scodelario,Thriller Crime Drama,"extremely wicked, shockingly evil and vile"
William Bindley,KJ Apa,Maia Mitchell,Jacob Latimore,Romance Comedy,the last summer
Rob Letterman,Ryan Reynolds,Justice Smith,Kathryn Newton,Action Adventure Fantasy,pokémon detective pikachu
Chris Addison,Anne Hathaway,Rebel Wilson,Alex Sharp,Comedy,the hustle
Dome Karukoski,Nicholas Hoult,Lily Collins,Colm Meaney,War Drama History Romance,tolkien
Zara Hayes,Diane Keaton,Jacki Weaver,Pam Grier,Comedy Drama,poms
"P.B. Shemran (director, screenplay); Todd Komarnicki (screenplay); Mel Gibson, Sean Penn, Natalie Dormer, Eddie Marsan, Jennifer Ehle, David O'Hara, Ioan Gruffudd, Stephen Dillane, Steve Coogan",Mel Gibson,Sean Penn,Natalie Dormer,Drama History Mystery Thriller,the professor and the madman
Chad Stahelski,Keanu Reeves,Halle Berry,Laurence Fishburne,Action Thriller Crime,john wick: chapter 3 – parabellum
Gail Mancuso,Dennis Quaid,Josh Gad,Marg Helgenberger,Family Adventure Drama,a dog's journey
Ry Russo-Young,Yara Shahidi,Charles Melton,John Leguizamo,Romance Drama,the sun is also a star
Wayne Roberts,Johnny Depp,Rosemarie DeWitt,Danny Huston,Drama History Mystery Thriller,the professor
Joanna Hogg,Honor Swinton Byrne,Tom Burke,Tilda Swinton,Romance Drama,the souvenir
"Noble Jones (director, screenplay); John Lithgow, Blythe Danner, Derek Cecil, Katie Aselton, Sophie Thatcher, Eve Harlow",John Lithgow,Blythe Danner,Derek Cecil,Drama Romance,the tomorrow man
Guy Ritchie,Mena Massoud,Will Smith,Naomi Scott,Adventure Fantasy Romance Family,aladdin
David Yarovesky,Elizabeth Banks,David Denman,Jackson A. Dunn,Horror Thriller Science Fiction,brightburn
Olivia Wilde,Kaitlyn Dever,Beanie Feldstein,Jessica Williams,Comedy,booksmart
Richard Shepard,Allison Williams,Logan Browning,Steven Weber,Horror Thriller Drama,the perfection
Nahnatchka Khan,Ali Wong,Randall Park,Daniel Dae Kim,Romance Comedy,always be my maybe
Michael Dougherty,Kyle Chandler,Vera Farmiga,Millie Bobby Brown,Science Fiction Action,godzilla: king of the monsters
Dexter Fletcher,Taron Egerton,Jamie Bell,Richard Madden,Music Drama History,rocketman
Tate Taylor,Octavia Spencer,Juliette Lewis,Diana Silvers,Horror Thriller,ma
Simon Kinberg,James McAvoy,Michael Fassbender,Jennifer Lawrence,Science Fiction Action Adventure,dark phoenix
Chris Renaud,Patton Oswalt,Eric Stonestreet,Kevin Hart,Adventure Animation Comedy Family,the secret life of pets 2
Nisha Ganatra,Emma Thompson,Mindy Kaling,Max Casella,Comedy Drama,late night
Joe Talbot,Jimmie Fails,Jonathan Majors,Danny Glover,Drama,the last black man in san francisco
Seth Green,Breckin Meyer,Macaulay Culkin,Brenda Song,Comedy Drama,changeland
F. Gary Gray,Chris Hemsworth,Tessa Thompson,Kumail Nanjiani,Comedy Science Fiction,men in black: international
Tim Story,Samuel L. Jackson,Jessie Usher,Richard Roundtree,Action Crime,shaft
Jim Jarmusch,Bill Murray,Adam Driver,Tilda Swinton,Comedy Horror Fantasy,the dead don't die
Kyle Newacheck,Adam Sandler,Jennifer Aniston,Luke Evans,Comedy,murder mystery
"Jeff Chan, Andrew Rhymer",Maya Erskine,Jack Quaid,Beck Bennett,Romance Comedy Drama,plus one
Miranda Bailey,Jim Gaffigan,Logan Miller,Samantha Mathis,Comedy,being frank
Josh Cooley,Tom Hanks,Tim Allen,Annie Potts,Family Adventure Animation Comedy Fantasy Drama,toy story 4
Luc Besson,Sasha Luss,Helen Mirren,Luke Evans,Thriller Action,anna
Lars Klevberg,Aubrey Plaza,Gabriel Bateman,Brian Tyree Henry,Horror,child's play
Gary Dauberman,Mckenna Grace,Madison Iseman,Katie Sarife,Horror Thriller Mystery,annabelle comes home
Danny Boyle,Himesh Patel,Lily James,Ed Sheeran,Music Comedy Romance Fantasy,yesterday
Claire McCarthy,Daisy Ridley,Naomi Watts,Clive Owen,Romance History,ophelia
Martin Owen,Tommy Flanagan,Rhyon Nicole Brown,Jessica Alba,Action Thriller Crime Mystery,killers anonymous
Jon Watts,Tom Holland,Samuel L. Jackson,Zendaya,Action Adventure Science Fiction,spider-man: far from home
John Herzfeld,Sylvester Stallone,Curtis Jackson,Dave Bautista,Action Thriller Crime,escape plan: the extractors
Ari Aster,Florence Pugh,Jack Reynor,William Jackson Harper,Horror Drama Mystery,midsommar
Michael Dowse,Kumail Nanjiani,Dave Bautista,Iko Uwais,Action Comedy Thriller Crime,stuber
Alexandre Aja,Kaya Scodelario,Barry Pepper,unknown,Thriller Horror,crawl
Joe Lynch,Frank Grillo,Anthony Mackie,Marcia Gay Harden,Action Thriller,point blank
Lulu Wang,Awkwafina,Tzi Ma,Diana Lin,Comedy Drama,the farewell
Pollyanna Mcintosh,Pollyanna McIntosh,Cooper Andrews,Nora-Jane Noone,Horror Mystery,darlin'
Jon Favreau,Donald Glover,Seth Rogen,Chiwetel Ejiofor,Family Animation Drama,the lion king
Quentin Tarantino,Leonardo DiCaprio,Brad Pitt,Margot Robbie,Comedy Drama Thriller,once upon a time in hollywood
Guy Nattiv,Jamie Bell,Danielle Macdonald,Daniel Henshall,Thriller Action Drama,skin
Gideon Raff,Chris Evans,Haley Bennett,Michael K. Williams,Drama Thriller History,the red sea diving resort
David Leitch,Dwayne Johnson,Jason Statham,Idris Elba,Action Adventure Comedy,fast & furious presents: hobbs & shaw
Shawn Ku,Nicolas Cage,Benjamin Bratt,unknown,Action Thriller Drama,a score to settle
Yuval Adler,Diane Kruger,Martin Freeman,Cas Anvar,Drama Thriller,the operative
James Bobin,Isabela Moner,Eugenio Derbez,Michael Peña,Adventure Comedy Family,dora and the lost city of gold
Andrea Berloff,Melissa McCarthy,Tiffany Haddish,Elisabeth Moss,Action Crime Drama,the kitchen
Simon Curtis,Milo Ventimiglia,Amanda Seyfried,Kathy Baker,Comedy Drama Romance,the art of racing in the rain
André Øvredal,Zoe Colletti,Michael Garza,Gabriel Rush,Horror Thriller,scary stories to tell in the dark
"Tyler Nilson, Michael Schwartz",Shia LaBeouf,Dakota Johnson,John Hawkes,Adventure Drama Comedy,the peanut butter falcon
Bart Freundlich,Michelle Williams,Julianne Moore,Billy Crudup,Drama,after the wedding
Casey Affleck,Casey Affleck,Anna Pniowsky,Tom Bower,Science Fiction Drama,light of my life
Thurop Van Orman,Jason Sudeikis,Josh Gad,Leslie Jones,Animation Comedy Adventure Family,the angry birds movie 2
Gene Stupnitsky,Jacob Tremblay,Brady Noon,Keith L. Williams,Comedy,good boys
Gurinder Chadha,Viveik Kalra,Kulvinder Ghir,Meera Ganatra,Drama Comedy,blinded by the light
Richard Linklater,Cate Blanchett,Billy Crudup,Emma Nelson,Drama Comedy Mystery,"where'd you go, bernadette"
Johannes Roberts,John Corbett,Nia Long,Sophie Nelisse,Horror,47 meters down: uncaged
William McGregor,Maxine Peake,Eleanor Worthington Cox,Richard Harrington,Drama Mystery Horror History,gwen
"Matt Bettinelli-Olpin, Tyler Gillett",Samara Weaving,Adam Brody,Mark O'Brien,Horror Thriller Comedy,ready or not
Ric Roman Waugh,Gerard Butler,Morgan Freeman,Jada Pinkett Smith,Action Thriller,angel has fallen
Paul Downs Colaizzo,Jillian Bell,Michaela Watkins,Utkarsh Ambudkar,Comedy Drama,brittany runs a marathon
Alex Kendrick,Alex Kendrick,Priscilla Shirer,Ben Davies,Drama,overcomer
David M. Rosenthal,Michael Ealy,Jesse Williams,Nicole Beharie,Drama Mystery Horror,jacob's ladder
Mike Gan,Tilda Cobham-Hervey,Suki Waterhouse,Harry Shum Jr.,Thriller,burn
Gavin Hood,Keira Knightley,Matt Smith,Matthew Goode,Drama Thriller History,official secrets
Jacob Aaron Estes,Jacob Aaron Estes,Drew Daywalt (story); David Oyelowo,Storm Reid,Science Fiction Thriller Mystery Crime,don't let go
Micah Gallo,Bruce Davison,Denise Crosby,Elizabeth Roberts,Horror Thriller,itsy bitsy
Fred Durst,John Travolta,Devon Sawa,Ana Golja,Thriller Crime Mystery,the fanatic
Andy Muschietti,James McAvoy,Jessica Chastain,Bill Hader,Horror Fantasy,it chapter two
Chelsea Stardust,Hayley Griffith,Ruby Modine,Arden Myrin,Horror Comedy,satanic panic
Ali LeRoi,Steven Silver,Nicola Peltz,unknown,Drama Thriller,the obituary of tunde johnson
John Crowley,Ansel Elgort,Oakes Fegley,Aneurin Barnard,Drama,the goldfinch
Lorene Scafaria,Constance Wu,Jennifer Lopez,Julia Stiles,Drama Comedy Crime,hustlers
Michael Tyburski,Rashida Jones,Peter Sarsgaard,Tony Revolori,Drama,the sound of silence
Alejandro Landes,Julianne Nicholson,Moisés Arias,unknown,Drama Thriller Adventure,monos
Nzingha Stewart,Ava Michelle,Griffin Gluck,Luke Eisner,Comedy Drama Romance,tall girl
Lars Klevberg,Kathryn Prescott,Grace Zabriskie,Samantha Logan,Horror Thriller Mystery,polaroid
James Gray,Brad Pitt,Tommy Lee Jones,Ruth Negga,Science Fiction Drama,ad astra
Michael Engler,Hugh Bonneville,Jim Carter,Michelle Dockery,Drama Romance History,downton abbey
Adrian Grunberg,Sylvester Stallone,Adriana Barraza,Paz Vega,Action Thriller Drama,rambo: last blood
Henry Jacobson,Seann William Scott,Mariela Garriga,Dale Dickey,Action Horror,bloodline
Jason Cabell,Nicolas Cage,Laurence Fishburne,unknown,Action,running with the devil
Brad Anderson,Sam Worthington,Lily Rabe,Stephen Tobolowsky,Thriller,fractured
Jill Culton,Todd Wilderman (co-director); Chloe Bennet,Albert Tsai,Tenzing Norgay Trainor,Family Animation Adventure Comedy,abominable
Steven Soderbergh,Meryl Streep,Gary Oldman,Antonio Banderas,Drama Crime Comedy,the laundromat
Rupert Goold,Renée Zellweger,Jessie Buckley,Finn Wittrock,Drama History Music,judy
Franck Khalfoun,Logan Miller,Kristine Froseth,unknown,Action Crime,prey
Todd Phillips,Joaquin Phoenix,Robert De Niro,Zazie Beetz,Crime Thriller Drama,joker
Noah Hawley,Natalie Portman,Jon Hamm,Zazie Beetz,Drama Science Fiction Thriller,lucy in the sky
Craig Brewer,Eddie Murphy,Keegan-Michael Key,Mike Epps,Drama Comedy History,dolemite is my name
Vincenzo Natali,Patrick Wilson,Harrison Gilbertson,Rachel Wilson,Horror Drama Thriller,in the tall grass
Kevin McMullin,Keean Johnson,Jaeden Martell,Alex Neustaedter,Drama Thriller,low tide
Michael Beach Nichols,Michael Beach Nichols (director); Michael Beach Nichols,Christopher K. Walker (screenplay),unknown,Documentary,wrinkles the clown
Abe Forsythe,Lupita Nyong'o,Alexander England,Josh Gad,Adventure Fantasy Comedy Family,little monsters
Ang Lee,Will Smith,Mary Elizabeth Winstead,Clive Owen,Science Fiction Action Thriller,gemini man
"Conrad Vernon, Greg Tiernan",Oscar Isaac,Charlize Theron,Chloë Grace Moretz,Family Animation Comedy Fantasy,the addams family
David Michôd,Timothée Chalamet,Joel Edgerton,Sean Harris,Drama History War,the king
"Jon Lucas, Scott Moore (directors/screenplay); Adam Devine, Rose Byrne, Alexandra Shipp, Ron Funches, Charlyne Yi, Wanda Sykes, Justin Hartley, Kid Cudi, Michael Peña",Adam Devine,Rose Byrne,Alexandra Shipp,Comedy,jexi
Vince Gilligan,Aaron Paul,Jesse Plemons,Scott MacArthur,Crime Drama Thriller Action,el camino: a breaking bad movie
Joachim Rønning,Angelina Jolie,Elle Fanning,Michelle Pfeiffer,Family Fantasy Adventure,maleficent: mistress of evil
Ruben Fleischer,Woody Harrelson,Jesse Eisenberg,Emma Stone,Horror Action Comedy,zombieland: double tap
Taika Waititi,Roman Griffin Davis,Thomasin McKenzie,Scarlett Johansson,Comedy War Drama,jojo rabbit
Robert Eggers,Willem Dafoe,Robert Pattinson,unknown,Drama Fantasy Thriller Horror,the lighthouse
Babak Anvari,Armie Hammer,Dakota Johnson,Zazie Beetz,Action Crime Thriller,wounds
Deon Taylor,Naomie Harris,Tyrese Gibson,Frank Grillo,Action Thriller,black and blue
Alfonso Gomez-Rejon,Benedict Cumberbatch,Michael Shannon,Katherine Waterston,Drama History,the current war
Justin Dec,Elizabeth Lail,Peter Facinelli,Anne Winters,Horror Thriller,countdown
Dan Krauss,Dan Krauss (director); Nat Wolff,Alexander Skarsgård,unknown,Drama Action Thriller,the kill team
"Chris Lofing, Travis Cluff",Chris Milligan,Ema Horvath,Brittany Falardeau,Horror Thriller,the gallows act ii
Tim Miller,Linda Hamilton,Arnold Schwarzenegger,Mackenzie Davis,Action Adventure Science Fiction,terminator: dark fate
Edward Norton,Edward Norton,Bruce Willis,Gugu Mbatha-Raw,Drama Thriller,motherless brooklyn
Martin Scorsese,Robert De Niro,Al Pacino,Joe Pesci,Crime Drama History,the irishman
Kasi Lemmons,Cynthia Erivo,Leslie Odom Jr.,Joe Alwyn,Drama History,harriet
Aaron Woodley,Jeremy Renner,James Franco,Heidi Klum,Animation Adventure Comedy,arctic dogs
Noah Baumbach,Scarlett Johansson,Adam Driver,Laura Dern,Drama,marriage story
Mike Flanagan,Ewan McGregor,Rebecca Ferguson,Kyliegh Curran,Horror Drama Fantasy Thriller,doctor sleep
Paul Feig,Emilia Clarke,Henry Golding,Michelle Yeoh,Comedy Romance Drama,last christmas
Andy Fickman,John Cena,Keegan-Michael Key,John Leguizamo,Comedy Family,playing with fire
Luke Snellin,Isabela Merced,Shameik Moore,Kiernan Shipka,Romance Comedy,let it snow
Roland Emmerich,Ed Skrein,Patrick Wilson,Luke Evans,War History Action Drama,midway
Sergio Pablos,J. K. Simmons,Jason Schwartzman,Rashida Jones,Animation Family Adventure Comedy,klaus
Alma Har'el,Shia LaBeouf,Lucas Hedges,Noah Jupe,Drama,honey boy
Charlie Bean,Tessa Thompson,Justin Theroux,Kiersey Clemons,Family Animation Romance,lady and the tramp
Marc Lawrence,Anna Kendrick,Bill Hader,Kingsley Ben-Adir,Family Comedy Fantasy,noelle
James Mangold,Matt Damon,Christian Bale,Jon Bernthal,Drama Action History,ford v ferrari
Elizabeth Banks,Kristen Stewart,Naomi Scott,Ella Balinska,Action Adventure Comedy,charlie's angels
Bill Condon,Ian McKellen,Helen Mirren,Russell Tovey,Drama Mystery Crime,the good liar
Scott Z. Burns,Adam Driver,Annette Bening,Ted Levine,Thriller Drama,the report
Trey Edward Shults,Kelvin Harrison Jr.,Lucas Hedges,Taylor Russell,Romance Drama,waves
"Chris Buck, Jennifer Lee",Idina Menzel,Kristen Bell,Jonathan Groff,Family Animation Adventure Comedy Fantasy Music,frozen ii
Marielle Heller,Tom Hanks,Matthew Rhys,Susan Kelechi Watson,Drama,a beautiful day in the neighborhood
Brian Kirk,Chadwick Boseman,Sienna Miller,Stephan James,Crime Action Drama,21 bridges
Todd Haynes,Mark Ruffalo,Anne Hathaway,Tim Robbins,Drama Thriller History,dark waters
Rian Johnson,Daniel Craig,Chris Evans,Ana de Armas,Comedy Crime Drama Mystery,knives out
Melina Matsoukas,Daniel Kaluuya,Jodie Turner-Smith,Bokeem Woodbine,Drama Romance Crime,queen & slim
Fernando Meirelles,Anthony Hopkins,Jonathan Pryce,unknown,Drama Comedy History,the two popes
Lino DiSalvo,Anya Taylor-Joy,Daniel Radcliffe,Gabriel Bateman,Family Animation Comedy Adventure,playmobil: the movie
Tom Harper,Felicity Jones,Eddie Redmayne,Himesh Patel,Adventure Drama Romance,the aeronauts
Sam Taylor-Johnson,Aaron Taylor-Johnson,Billy Bob Thornton,Odessa Young,Drama,a million little pieces
Adam Egypt Mortimer,Miles Robbins,Patrick Schwarzenegger,Sasha Lane,Fantasy Horror Mystery Thriller,daniel isn't real
Jake Kasdan,Dwayne Johnson,Jack Black,Kevin Hart,Adventure Comedy Fantasy,jumanji: the next level
Clint Eastwood,Paul Walter Hauser,Sam Rockwell,Kathy Bates,Drama History Crime,richard jewell
Sophia Takal,Imogen Poots,Lily Donoghue,Aleyse Shannon,Horror Thriller,black christmas
Michael Bay,Ryan Reynolds,Mélanie Laurent,Manuel Garcia-Rulfo,Action Thriller Comedy,6 underground
Jay Roach,Charlize Theron,Nicole Kidman,Margot Robbie,Drama History,bombshell
"Safdie brothers (directors/screenplay); Ronald Bronstein (screenplay); Adam Sandler, Lakeith Stanfield, Julia Fox, Kevin Garnett, Idina Menzel, Eric Bogosian",Adam Sandler,Lakeith Stanfield,Julia Fox,Crime Thriller Drama,uncut gems
Benedict Andrews,Kristen Stewart,Jack O'Connell,Margaret Qualley,Thriller Drama,seberg
Terrence Malick,August Diehl,Valerie Pachner,Matthias Schoenaerts,Drama War History,a hidden life
J. J. Abrams,Carrie Fisher,Mark Hamill,Adam Driver,Action Adventure Science Fiction,star wars: the rise of skywalker
Tom Hooper,James Corden,Judi Dench,Jason Derulo,Fantasy Comedy Drama,cats
Ericson Core,Willem Dafoe,Julianne Nicholson,Christopher Heyerdahl,Family Adventure,togo
"Nick Bruno, Troy Quane",Will Smith,Tom Holland,Rashida Jones,Animation Action Adventure Comedy Family,spies in disguise
Greta Gerwig,Saoirse Ronan,Emma Watson,Florence Pugh,Drama Romance,little women
Sam Mendes,George MacKay,Dean-Charles Chapman,Mark Strong,War Drama Action Thriller,1917
Destin Daniel Cretton,Michael B. Jordan,Jamie Foxx,Brie Larson,Drama Crime History,just mercy
Chinonye Chukwu,Alfre Woodard,Wendell Pierce,Aldis Hodge,Drama,clemency
Nicolas Pesce,Andrea Riseborough,Demián Bichir,John Cho,Horror Mystery Thriller,the grudge
William Eubank,Kristen Stewart,Vincent Cassel,Jessica Henwick,Action Horror Science Fiction Thriller,underwater
Miguel Arteta,Tiffany Haddish,Rose Byrne,Salma Hayek,Comedy,like a boss
Jon Avnet,Richard Gere,Peter Dinklage,Walton Goggins,Drama,three christs
Anthony Jerjen,Josh Hartnett,Margarita Levieva,Chandler Riggs,Drama Thriller Crime,inherit the viper
Andrew Desmond,Freya Tingley,Simon Abkarian,Rutger Hauer,Horror Thriller Mystery,the sonata
Daniel Farrands,Mena Suvari,Nick Stahl,Taryn Manning,Thriller Drama Crime,the murder of nicole brown simpson
Adil El Arbi and Bilall Fallah,Will Smith,Martin Lawrence,Vanessa Hudgens,Thriller Action Crime,bad boys for life
Stephen Gaghan,Robert Downey Jr.,Antonio Banderas,Michael Sheen,Family Fantasy Adventure,dolittle
Tyler Perry,Crystal R. Fox,Phylicia Rashad,Bresha Webb,Drama Fantasy Thriller,a fall from grace
Guy Ritchie,Matthew McConaughey,Charlie Hunnam,Henry Golding,Action Crime Comedy,the gentlemen
Floria Sigismondi,Mackenzie Davis,Finn Wolfhard,Brooklynn Prince,Horror Thriller,the turning
Todd Robinson,Sebastian Stan,Christopher Plummer,William Hurt,War Drama,the last full measure
David Bruckner,Rebecca Hall,Sarah Goldberg,Stacy Martin,Horror Thriller,the night house
Will Forbes,Terry Crews,Ludacris,Jamila Velazquez,Drama Thriller,john henry
Reed Morano,Blake Lively,Jude Law,Sterling K. Brown,Action Thriller,the rhythm section
Oz Perkins,Sophia Lillis,Sammy Leakey,Charles Babalola,Horror Fantasy Thriller,gretel & hansel
Cathy Yan,Margot Robbie,Mary Elizabeth Winstead,Jurnee Smollett-Bell,Action Crime,birds of prey
"Veronika Franz, Severin Fiala (directors/screenplay); Sergio Casci (screenplay); Riley Keough, Jaeden Martell, Lia McHugh, Richard Armitage, Alicia Silverstone",Riley Keough,Jaeden Martell,Lia McHugh,Drama Horror Thriller,the lodge
Tom McCarthy,Winslow Fegley,Ophelia Lovibond,Craig Robinson,Family Mystery Comedy Fantasy,timmy failure: mistakes were made
Jeff Baena,Alison Brie,Debby Ryan,John Paul Reynolds,Drama,horse girl
Michael Fimognari,Lana Condor,Noah Centineo,Jordan Fisher,Romance Comedy,to all the boys: p.s. i still love you
Jeff Fowler,James Marsden,Ben Schwartz,Tika Sumpter,Action Science Fiction Comedy Family,sonic the hedgehog
Jeff Wadlow,Michael Peña,Maggie Q,Lucy Hale,Horror Fantasy Adventure Mystery,fantasy island
Stella Meghie,Issa Rae,Lakeith Stanfield,Chelsea Peretti,Drama Romance,the photograph
"Nat Faxon, Jim Rash",Julia Louis-Dreyfus,Will Ferrell,Miranda Otto,Drama Comedy,downhill
Drew Mylrea,Drew Van Acker,Poppy Delevingne,Natasha Bassett,Action Adventure Comedy,spy intervention
Lone Scherfig,Andrea Riseborough,Tahar Rahim,Zoe Kazan,Drama,the kindness of strangers
Chris Sanders,Harrison Ford,Dan Stevens,Omar Sy,Drama Adventure Family,the call of the wild
"Dee Rees (director, screenplay); Marco Villalobos (screenplay); Anne Hathaway, Ben Affleck, Rosie Perez, Edi Gathegi, Mel Rodriguez, Toby Jones, Willem Dafoe",Anne Hathaway,Ben Affleck,Rosie Perez,Drama Thriller,the last thing he wanted
William Brent Bell,Katie Holmes,Owain Yeoman,Christopher Convery,Horror Mystery Thriller,brahms: the boy ii
Michael Cristofer,Tye Sheridan,Ana de Armas,Helen Hunt,Thriller Crime Drama,the night clerk
Chris Henchy,Brian Quinn,Joe Gatto,Sal Vulcano,Comedy,impractical jokers: the movie
Leigh Whannell,Elisabeth Moss,Aldis Hodge,Storm Reid,Thriller Science Fiction Horror,the invisible man
Brett Haley,Elle Fanning,Justice Smith,Alexandra Shipp,Romance Drama,all the bright places
Jason Lei Howden,Daniel Radcliffe,Samara Weaving,Natasha Liu Bordizzo,Comedy Action,guns akimbo
Dan Scanlon,Tom Holland,Chris Pratt,Julia Louis-Dreyfus,Family Animation Adventure Comedy Fantasy,onward
Gavin O'Connor,Ben Affleck,Al Madrigal,Michaela Watkins,Drama,the way back
Peter Berg,Mark Wahlberg,Winston Duke,Alan Arkin,Comedy Action Thriller,spenser confidential
George Nolfi,Anthony Mackie,Nicholas Hoult,Nia Long,Drama,the banker
Giuseppe Capotondi,Claes Bang,Elizabeth Debicki,Mick Jagger,Thriller Drama Mystery,the burnt orange heresy
Carlo Mirabella-Davis,Haley Bennett,Austin Stowell,Elizabeth Marvel,Thriller Drama Horror,swallow
Kelly Reichardt,John Magaro,Orion Hall,René Auberjonois,Drama Western History,first cow
Dave S. F. Wilson,Vin Diesel,Eiza González,Sam Heughan,Action Science Fiction,bloodshot
Craig Zobel,Betty Gilpin,Ike Barinholtz,Amy Madigan,Action Thriller Horror,the hunt
Erwin Brothers,KJ Apa,Britt Robertson,Shania Twain,Music Drama Romance,i still believe
Liz Garbus,Amy Ryan,Thomasin McKenzie,Lola Kirke,Drama Mystery Thriller History,lost girls
Julia Hart,Grace VanderWaal,Graham Verchere,Giancarlo Esposito,Comedy Drama Romance,stargirl
Sally Potter,Javier Bardem,Elle Fanning,Laura Linney,Drama,the roads not taken
Eliza Hittman,Sidney Flanigan,Talia Ryder,Theodore Pellerin,Drama,never rarely sometimes always
Jason Orley,Pete Davidson,Griffin Gluck,Jon Cryer,Comedy,big time adolescence
Katharine O'Brien,Simon Pegg,Juno Temple,Alexandra Daddario,Drama,lost transmissions
Jonathan Jakubowicz,Jesse Eisenberg,Ed Harris,Clémence Poésy,War History Drama,resistance
Prentice Penny,Mamoudou Athie,Courtney B. Vance,Niecy Nash,Drama Comedy,uncorked
Michael Dowse,Ed Helms,Taraji P. Henson,Betty Gilpin,Comedy Action Crime,coffee & kareem
Walt Dohrn,Anna Kendrick,Justin Timberlake,Rachel Bloom,Family Animation Comedy Fantasy Adventure Music,trolls world tour
Dean Craig,Olivia Munn,Sam Claflin,Freida Pinto,Comedy Romance,love wedding repeat
Jay Karas,Seth Carr,Tichina Arnold,Ken Marino,Family Comedy,the main event
Marc Meyers,Alexandra Daddario,Keean Johnson,Logan Miller,Horror Thriller,we summon the darkness
Vicky Wight,Leslie Bibb,Josh Duhamel,Nora Dunn,Romance Drama,the lost husband
Charles Band,Cody Renee Cameron,Russell Coker,Robin Sydney,Horror Comedy,corona zombies
Greg Barker,Wagner Moura,Ana de Armas,Garret Dillahunt,Drama,sergio
Kris Pearn,Will Forte,Maya Rudolph,Alessia Cara,Animation Comedy Family,the willoughbys
Sam Hargrave,Chris Hemsworth,Rudhraksh Jaiswal,Randeep Hooda,Drama Action Thriller,extraction
Sean McEwen,Tom Felton,Tammin Sursok,Wendi McLendon-Covey,Drama Comedy,braking for whales
Cory Finley,Hugh Jackman,Allison Janney,Geraldine Viswanathan,Drama Crime History TV Movie,bad education
Michael Scott,Camila Mendes,Jessie T. Usher,Jamie Chung,Thriller,dangerous lies
Joe Robert Cole,Ashton Sanders,Jeffrey Wright,Yahya Abdul-Mateen II,Drama,all day and a night
The Pierce Brothers,John-Paul Howard,Piper Curda,Zarah Mahler,Horror Mystery Thriller,the wretched
Alice Wu,Leah Lewis,Daniel Diemer,Alexxis Lemire,Comedy Romance,the half of it
Clark Duke,Liam Hemsworth,Clark Duke,Michael Kenneth Williams,Crime,arkansas
Rachel Lee Goldenberg,Jessica Rothe,Josh Whitehouse,Mae Whitman,Comedy Romance,valley girl
Josh Trank,Tom Hardy,Linda Cardellini,Jack Lowden,Crime Drama,capone
Tyler Spindel,David Spade,Lauren Lapkus,Geoff Pierson,Comedy Romance,the wrong missy
Tony Cervone,Will Forte,Mark Wahlberg,Jason Isaacs,Animation Family Comedy Adventure,scoob!
John Barr,Tom Berenger,Kristen Hager,Mark Sivertsen,Thriller Crime,blood and money
Malik Vitthal,Mary J. Blige,Nat Wolff,David Zayas,Horror Thriller Mystery,body cam
Michael Showalter,Issa Rae,Kumail Nanjiani,Paul Sparks,Comedy Action Romance,the lovebirds
Vaughn Stein,Lily Collins,Simon Pegg,Chace Crawford,Thriller,inheritance
Nisha Ganatra,Dakota Johnson,Tracee Ellis Ross,Kelvin Harrison Jr.,Romance Comedy Music Drama,the high note
Josephine Decker,Elisabeth Moss,Michael Stuhlbarg,Odessa Young,Drama Thriller,shirley
Olivier Megaton,Édgar Ramírez,Anna Brewster,Michael Pitt,Action Crime Thriller,the last days of american crime
"Jonathan Milott, Cary Murnion",Lulu Wilson,Kevin James,Joel McHale,Horror Crime Thriller,becky
Kenneth Branagh,Ferdia Shaw,Lara McDonnell,Josh Gad,Adventure Fantasy Science Fiction Family Action,artemis fowl
Spike Lee,Delroy Lindo,Jonathan Majors,Clarke Peters,War Drama,da 5 bloods
Judd Apatow,Pete Davidson,Marisa Tomei,Bill Burr,Comedy Drama,the king of staten island
Kaare Andrews,Chad Michael Collins,Tom Berenger,Sayaka Akimoto,Action,sniper: assassin's end
Olivier Assayas,Penélope Cruz,Édgar Ramírez,Gael García Bernal,Drama History Thriller,wasp network
Elissa Down,Elissa Down (director); Sofia Carson,Enrico Colantoni,Wolfgang Novogratz,Comedy Music Drama,feel the beat
David Dobkin,Will Ferrell,Rachel McAdams,Dan Stevens,Comedy Music,eurovision song contest: the story of fire saga
Jon Stewart,Steve Carell,Chris Cooper,Mackenzie Davis,Comedy Drama,irresistible
Peter Segal,Dave Bautista,Chloe Coleman,Kristen Schaal,Family Action Comedy,my spy
Thomas Kail,Thomas Kail (director); Lin-Manuel Miranda,Phillipa Soo,Leslie Odom Jr.,Music History Drama,hamilton
Natalie Erika James,Emily Mortimer,Robyn Nevin,Bella Heathcote,Horror Drama Mystery Thriller,relic
LP,Anna Camp,Robbie Amell,Nasim Pedrad,Comedy Romance,desperados
Gina Prince-Bythewood,Charlize Theron,KiKi Layne,Marwan Kenzari,Action Fantasy,the old guard
Aaron Schneider,Tom Hanks,Stephen Graham,Rob Morgan,War Action Drama,greyhound
Max Barbakow,Andy Samberg,Cristin Milioti,Peter Gallagher,Comedy Romance Fantasy Mystery Science Fiction,palm springs
Peter Sullivan,Nia Long,Omar Epps,Stephen Bishop,Thriller,fatal affair
Robin Pront,Annabelle Wallis,Hero Fiennes-Tiffin,Nikolaj Coster-Waldau,Action Crime Thriller,the silencing
The Brothers Riedell,Lucy Hale,Leonidas Gulaptis,Jackie Cruz,Comedy Romance,a nice girl like you
Eric Bress,Brenton Thwaites,Theo Rossi,Skylar Astin,Horror Thriller War Fantasy,ghosts of war
"Scott Christian Sava, Tony Bancroft",John Krasinski,Emily Blunt,Ian McKellen,Comedy Animation Adventure,animal crackers
Vince Marcello,Joey King,Joel Courtney,Jacob Elordi,Comedy Romance,the kissing booth 2
Dave Franco,Dan Stevens,Alison Brie,Sheila Vand,Horror Thriller Drama,the rental
John Pogue,Tania Raymonde,Nathaniel Buzolic,Emerson Brooks,Action Horror Science Fiction,deep blue sea 3
Andy Tennant,Katie Holmes,Josh Lucas,Jerry O'Connell,Drama Romance,the secret: dare to dream
Jessica Swale,Gemma Arterton,Gugu Mbatha-Raw,Penelope Wilton,Drama War Romance,summerland
Amy Seimetz,Kate Lyn Sheil,Jane Adams,Kentucker Audley,Drama,she dies tomorrow
David Ayer,Bobby Soto,Shia LaBeouf,Cinthya Carmona,Action Crime Drama,the tax collector
Ciro Guerra,Mark Rylance,Johnny Depp,Robert Pattinson,Drama History,waiting for the barbarians
"Henry Joost, Ariel Schulman",Jamie Foxx,Joseph Gordon-Levitt,Dominique Fishback,Action Crime Science Fiction,project power
Mark Waters,Adam DeVine,Gillian Jacobs,Jeffrey Tambor,Comedy Family Fantasy,magic camp
Eugene Kotlyarenko,Joe Keery,Sasheer Zamata,Mischa Barton,Horror Comedy Crime Thriller,spree
Thea Sharrock,Sam Rockwell,Angelina Jolie,Danny DeVito,Family Comedy Drama,the one and only ivan
Derrick Borte,Russell Crowe,Caren Pistorius,Gabriel Bateman,Action Thriller,unhinged
Michael Almereyda,Ethan Hawke,Eve Hewson,Ebon Moss-Bachrach,Drama History,tesla
RZA,Shameik Moore,T.I.,Demetrius Shipp Jr.,Action Crime Drama Thriller,cut throat city
Thor Freudenthal,Charlie Plummer,Andy García,Taylor Russell,Drama Romance,words on bathroom walls
Christopher Nolan,John David Washington,Robert Pattinson,Elizabeth Debicki,Action Thriller Science Fiction,tenet
Dean Parisot,Keanu Reeves,Alex Winter,Kristen Schaal,Comedy Science Fiction Adventure,bill & ted face the music
Josh Boone,Maisie Williams,Anya Taylor-Joy,Charlie Heaton,Action Horror Science Fiction,the new mutants
Armando Iannucci,Dev Patel,Aneurin Barnard,Peter Capaldi,Drama Comedy,the personal history of david copperfield
Charlie Kaufman,Jesse Plemons,Jessie Buckley,Toni Collette,Drama Thriller,i'm thinking of ending things
Bob Bowen,Vincent Martella,Ashley Tisdale,David Errigo Jr.,Family Animation Science Fiction Comedy Music Adventure TV Movie,phineas and ferb the movie: candace against the universe
Brett Haley,Auliʻi Cravalho,Rhenzy Feliz,Judy Reyes,Drama,all together now
Brendan Walsh,Genesis Rodriguez,Vincent Piazza,Louis Cancelmi,Thriller,centigrade
Jeremy Garelick,Skyler Gisondo,Eduardo Franco,Dexter Darden,Comedy,the binge
Niki Caro,Liu Yifei,Donnie Yen,Tzi Ma,Adventure Fantasy,mulan
John Leguizamo,John Leguizamo,Jorge Lendeborg Jr.,Angel Bismark Curiel,Drama,critical thinking
Julius Berg,Maisie Williams,Sylvester McCoy,Rita Tushingham,Thriller Horror,the owners
Sam Macaroni,Pauly Shore,Mike Castle,Aimee Teegarden,Comedy,guest house
McG,Judah Lewis,Emily Alyn Lind,Jenna Ortega,Comedy Horror,the babysitter: killer queen
Rachel Lee Goldenberg,Haley Lu Richardson,Barbie Ferreira,Alex MacNicoll,Drama Comedy,unpregnant
Antonio Campos,Tom Holland,Bill Skarsgård,Riley Keough,Crime Drama Thriller,the devil all the time
Natalie Krinsky,Geraldine Viswanathan,Dacre Montgomery,Utkarsh Ambudkar,Comedy Romance,the broken hearts gallery
Luke Eve,Brenton Thwaites,Lily Sullivan,Joel Jackson,Comedy Drama Romance,i met a girl
Jon Stevenson,Wil Wheaton,Brian Landis Folkins,Kathleen Brady,Horror Thriller,rent-a-pal
Sean McNamara,Melissa Rauch,Max Greenfield,George Lopez,Comedy Action,cats & dogs 3: paws unite!
Yuval Adler,Noomi Rapace,Joel Kinnaman,Chris Messina,Thriller,the secrets we keep
"Gerard Bush, Christopher Renz (directors/screenplay); Janelle Monáe, Eric Lange, Jena Malone, Jack Huston, Kiersey Clemons, Gabourey Sidibe",Janelle Monáe,Eric Lange,Jena Malone,Horror,antebellum
Sean Durkin,Jude Law,Carrie Coon,Charlie Shotwell,Drama Romance,the nest
Roger Michell,Susan Sarandon,Kate Winslet,Mia Wasikowska,Drama,blackbird
William Olsson,Alexandra Daddario,Takehiro Hira,Carice van Houten,Drama,lost girls & love hotels
Taylor A. Purdee,Taylor A. Purdee,John Donchak,Nathan Purdee,Drama Music,killian & the comeback kids
Harry Bradbeer,Millie Bobby Brown,Henry Cavill,Sam Claflin,Mystery Crime Adventure,enola holmes
Aaron Sorkin,Yahya Abdul-Mateen II,Sacha Baron Cohen,Danny Flaherty,Drama History,the trial of the chicago 7
Tate Taylor,Jessica Chastain,John Malkovich,Common,Action Crime Drama Thriller,ava
Miranda July,Evan Rachel Wood,Richard Jenkins,Debra Winger,Crime Drama Comedy,kajillionaire
Andrew Cohn,Richard Jenkins,Shane Paul McGhie,Da'Vine Joy Randolph,Comedy Drama,the last shift
Anna Mastro,Peyton Elizabeth Lee,Skylar Astin,Élodie Yung,Action Adventure Comedy Fantasy,secret society of second-born royals
Marc Carlini,Tommy Dewey,François Arnaud,Minka Kelly,Comedy Drama,she's in portland
Joe Mantello,Jim Parsons,Zachary Quinto,Matt Bomer,Drama,the boys in the band
Julie Taymor,Julianne Moore,Alicia Vikander,Timothy Hutton,Drama,the glorias
Sofia Coppola,Rashida Jones,Bill Murray,Marlon Wayans,Drama Comedy,on the rocks
Brian Duffield,Katherine Langford,Charlie Plummer,Hayley Law,Comedy Horror,spontaneous
Osmany Rodriguez,Jaden Michael,Gerald W. Jones III,Gregory Diaz IV,Comedy Horror,vampires vs. the bronx
Brandon Cronenberg,Andrea Riseborough,Christopher Abbott,Rossif Sutherland,Thriller Science Fiction Horror,possessor
Darren Lynn Bousman,Maggie Q,Alex Essoe,Luke Hemsworth,Horror Mystery,death of me
Mike Elliott,Madison Pettis,Lizze Broadway,Piper Curda,Comedy,american pie presents: girls' rules
Veena Sud,Mireille Enos,Peter Sarsgaard,Joey King,Horror Drama Mystery Thriller,the lie
Steven Brill,Adam Sandler,Kevin James,Julie Bowen,Comedy Fantasy Mystery Horror,hubie halloween
Brannon Braga,Britt Robertson,Anna Friel,Rafi Gavron,Horror Science Fiction,books of blood
Angel Manuel Soto,Jahi Di'Allo Winston,Meek Mill,Will Catlett,Drama,charm city kings
Tim Hill,Robert De Niro,Uma Thurman,Rob Riggle,Comedy Family Drama,the war with grandpa
Woody Allen,Timothée Chalamet,Elle Fanning,Selena Gomez,Comedy Romance,a rainy day in new york
Diane Paragas,Eva Noblezada,Dale Watson,Princess Punzalan,Drama Music,yellow rose
Radha Blank,Radha Blank,Peter Kim,Oswin Benjamin,Comedy Drama,the 40-year-old version
Zu Quirke,Sydney Sweeney,Madison Iseman,Jacques Colimon,Horror Mystery Thriller,nocturne
"Elan Dassani, Rajeev Dassani",Sarita Choudhury,Sunita Mani,Omar Maskati,Mystery Thriller,evil eye
Rachel Talalay,Tamara Smart,Oona Laurence,Tom Felton,Family Fantasy Adventure Comedy,a babysitter's guide to monster hunting
Michael Matthews,Dylan O'Brien,Jessica Henwick,Dan Ewing,Comedy Action Adventure Fantasy,love and monsters
Mark Williams,Liam Neeson,Kate Walsh,Robert Patrick,Thriller Action Crime Drama,honest thief
Justin Baldoni,Fin Argus,Sabrina Carpenter,Madison Iseman,Music Drama Romance,clouds
Edward James Olmos,David Strathairn,Kate Bosworth,Pablo Schreiber,Drama Thriller,the devil has a name
Evan Morgan,Adam Brody,Sophie Nélisse,Tzi Ma,Comedy Drama Mystery,the kid detective
Johnny Martin,Tyler Posey,Summer Spiro,Robert Ri'chard,Thriller Horror Drama,alone
Lance Hool,Jacob Elordi,Adan Canto,Tiera Skovbye,Romance Drama,2 hearts
Steve Byrne,Jimmy O. Yang,Alex Moffat,Cedric the Entertainer,Comedy,the opening act
Robert Zemeckis,Anne Hathaway,Octavia Spencer,Stanley Tucci,Family Fantasy Adventure Comedy Horror,the witches
Glen Keane,Cathy Ang,Phillipa Soo,Ken Jeong,Animation Adventure Family Fantasy,over the moon
Roger Kumble,Josephine Langford,Hero Fiennes Tiffin,Dylan Sprouse,Romance Drama,after we collided
David Prior,James Badge Dale,Marin Ireland,Stephen Root,Horror Crime Thriller,the empty man
Kurt Wimmer,Elena Kampouris,Kate Moyer,Callan Mulvey,Horror Thriller,children of the corn
Justin Simien,Elle Lorraine,Vanessa Williams,Jay Pharoah,Horror,bad hair
Nicol Paone,Malin Åkerman,Kat Dennings,Aisha Tyler,Comedy,friendsgiving
Zoe Lister-Jones,Cailee Spaeny,Gideon Adlon,Lovie Simone,Horror Drama Fantasy,the craft: legacy
John Whitesell,Emma Roberts,Luke Bracey,Kristin Chenoweth,Comedy Romance,holidate
Jacob Chase,Gillian Jacobs,John Gallagher Jr.,Azhy Robertson,Horror Mystery,come play
Max Winkler,Charlie Hunnam,Jack O'Connell,Jessica Barden,Drama,jungleland
Thomas Bezucha,Diane Lane,Kevin Costner,Lesley Manville,Drama Thriller Crime,let him go
Andrea Di Stefano,Joel Kinnaman,Rosamund Pike,Common,Drama Crime Thriller,the informer
Bryan Bertino,Marin Ireland,Michael Abbott Jr.,Xander Berkeley,Horror,the dark and the wicked
Ron Howard,Amy Adams,Glenn Close,Gabriel Basso,Drama,hillbilly elegy
David Fincher,Gary Oldman,Amanda Seyfried,Lily Collins,Drama History,mank
Christopher Landon,Vince Vaughn,Kathryn Newton,Katie Finneran,Horror Thriller Comedy Fantasy,freaky
David E. Talbert,Forest Whitaker,Keegan-Michael Key,Hugh Bonneville,Family Fantasy Music,jingle jangle: a christmas journey
Miles Joris-Peyrafitte,Finn Cole,Margot Robbie,Travis Fimmel,Thriller Drama,dreamland
"Eshom Nelms, Ian Nelms (directors/screenplay); Mel Gibson, Walton Goggins, Marianne Jean-Baptiste",Mel Gibson,Walton Goggins,Marianne Jean-Baptiste,Action Comedy Fantasy,fatman
Edoardo Ponti,Sophia Loren,Ibrahima Gueye,Abril Zamora,Drama,the life ahead
Michael Angelo Covino,Kyle Marvin,Michael Angelo Covino,Gayle Rankin,Comedy Drama,the climb
Paul Leyden,Malin Åkerman,Bella Thorne,Fortune Feimster,Action Comedy,chick fight
Michael Rohl,Vanessa Hudgens,Sam Palladio,Nick Sagar,Family Romance Comedy Drama,the princess switch: switched again
Aneesh Chaganty,Sarah Paulson,Kiera Allen,Pat Healy,Thriller Horror Drama,run
Darius Marder,Riz Ahmed,Olivia Cooke,Paul Raci,Drama Music,sound of metal
Dan Friedkin,Guy Pearce,Claes Bang,Vicky Krieps,Drama,the last vermeer
Dimitri Logothetis,Alain Moussi,Frank Grillo,JuJu Chan,Fantasy Action Science Fiction,jiu jitsu
Josh Duhamel,Josh Duhamel,Dax Shepard,Olivia Munn,Comedy Drama,buddy games
Joel Crawford,Nicolas Cage,Emma Stone,Ryan Reynolds,Family Fantasy Animation Comedy,the croods: a new age
Clea DuVall,Kristen Stewart,Mackenzie Davis,Alison Brie,Romance Comedy,happiest season
George C. Wolfe,Viola Davis,Chadwick Boseman,Glynn Turman,Drama Music,ma rainey's black bottom
Chris Columbus,Kurt Russell,Goldie Hawn,Darby Camp,Family Fantasy Adventure Comedy,the christmas chronicles 2
Alan Ball,Paul Bettany,Sophia Lillis,Peter Macdissi,Drama,uncle frank
Taylor Swift,Taylor Swift,Jack Antonoff,Aaron Dessner,Music Documentary,folklore: the long pond studio sessions
Ben Falcone,Melissa McCarthy,Bobby Cannavale,Brian Tyree Henry,Comedy Science Fiction Romance,superintelligence
Mitja Okorn,Jaden Smith,Cara Delevingne,Cuba Gooding Jr.,Drama Romance,life in a year
Ashley Avis,Mackenzie Foy,Kate Winslet,Claire Forlani,Drama,black beauty
Ryan Murphy,Meryl Streep,James Corden,Jo Ellen Pellman,Comedy Music Romance,the prom
Marc Meyers,Jessica Rothe,Harry Shum Jr.,Kyle Allen,Romance Drama,all my life
Sharon Maguire,Isla Fisher,Jillian Bell,Santiago Cabrera,Family Fantasy Comedy,godmothered
April Mullen,Aaron Eckhart,Katheryn Winnick,Heather Graham,Thriller Crime Mystery,wander
Lawrence Michael Levine,Aubrey Plaza,Christopher Abbott,Sarah Gadon,Drama Comedy Thriller,black bear
Steven Soderbergh,Meryl Streep,Candice Bergen,Gemma Chan,Comedy Drama,let them all talk
George Clooney,George Clooney,Felicity Jones,David Oyelowo,Science Fiction Drama,the midnight sky
Adam Mason,KJ Apa,Sofia Carson,Craig Robinson,Thriller Romance Drama Mystery,songbird
John Patrick Shanley,Emily Blunt,Jamie Dornan,Jon Hamm,Romance Drama,wild mountain thyme
Reginald Hudlin,Jay Reeves,Thaddeus J. Mixson,Corinne Foxx,Family Drama History,safety
Tara Miele,Sienna Miller,Diego Luna,Beth Grant,Romance Drama,wander darkly
Julia Hart,Rachel Brosnahan,Arinzé Kene,Marsha Stephanie Blake,Drama Crime,i'm your woman
Jamie Babbit,Drew Barrymore,Michael Zegen,T.J. Miller,Comedy,the stand in
Adam Egypt Mortimer,Joe Manganiello,Skylan Brooks,Zolee Griggs,Action Thriller Crime Science Fiction,archenemy
Ekwa Msangi,Ntare Mwine,Zainab Jah,Jayme Lawson,Romance Drama,farewell amor
Paul W. S. Anderson,Milla Jovovich,Tony Jaa,"Tip ""T.I."" Harris",Action Fantasy Adventure,monster hunter
Ric Roman Waugh,Gerard Butler,Morena Baccarin,David Denman,Action Thriller Drama,greenland
Deon Taylor,Hilary Swank,Michael Ealy,Mike Colter,Thriller,fatale
Liam O'Donnell,Lindsey Morgan,Jonathan Howard,Daniel Bernhardt,Science Fiction Action,skylines
Shawn Linden,Devon Sawa,Camille Sullivan,Nick Stahl,Horror Thriller,hunter hunter
Eugene Ashe,Tessa Thompson,Nnamdi Asomugha,Ryan Michelle Bathe,Drama Romance,sylvie's love
Patty Jenkins,Gal Gadot,Chris Pine,Kristen Wiig,Fantasy Action Adventure,wonder woman 1984
Pete Docter,Jamie Foxx,Tina Fey,Graham Norton,Family Animation Drama Music Fantasy,soul
Robert Rodriguez,Priyanka Chopra Jonas,Pedro Pascal,YaYa Gosselin,Action Fantasy Family Comedy,we can be heroes
Regina King,Kingsley Ben-Adir,Eli Goree,Aldis Hodge,Drama,one night in miami...
Emerald Fennell,Carey Mulligan,Bo Burnham,Alison Brie,Thriller Crime Drama,promising young woman
Kornél Mundruczó,Vanessa Kirby,Shia LaBeouf,Molly Parker,Drama,pieces of a woman
